"AccessibleOutlineView";"com::sun::star::accessibility::XAccessibleEventBroadcaster#optional";"addEventListener()"
"AccessibleOutlineView";"com::sun::star::accessibility::XAccessibleEventBroadcaster#optional";"removeEventListener()"
"AccessibleOutlineView";"com::sun::star::accessibility::XAccessible";"getAccessibleContext()"
"AccessibleOutlineView";"com::sun::star::accessibility::XAccessibleContext";"getAccessibleChildCount()"
"AccessibleOutlineView";"com::sun::star::accessibility::XAccessibleContext";"getAccessibleChild()"
"AccessibleOutlineView";"com::sun::star::accessibility::XAccessibleContext";"getAccessibleParent()"
"AccessibleOutlineView";"com::sun::star::accessibility::XAccessibleContext";"getAccessibleIndexInParent()"
"AccessibleOutlineView";"com::sun::star::accessibility::XAccessibleContext";"getAccessibleRole()"
"AccessibleOutlineView";"com::sun::star::accessibility::XAccessibleContext";"getAccessibleDescription()"
"AccessibleOutlineView";"com::sun::star::accessibility::XAccessibleContext";"getAccessibleName()"
"AccessibleOutlineView";"com::sun::star::accessibility::XAccessibleContext";"getAccessibleRelationSet()"
"AccessibleOutlineView";"com::sun::star::accessibility::XAccessibleContext";"getAccessibleStateSet()"
"AccessibleOutlineView";"com::sun::star::accessibility::XAccessibleContext";"getLocale()"
